{"cameraMode":{"drawMode":0,"name":"Shaded","section":"Shading Mode"},"sceneLighting":true,"audioPlay":false,"sceneViewState":{"m_AlwaysRefresh":false,"showFog":true,"showSkybox":true,"showFlares":true,"showImageEffects":true,"showParticleSystems":true,"showVisualEffectGraphs":true,"m_FxEnabled":true},"in2DMode":false,"pivot":{"x":0.28345727920532229,"y":0.8563419580459595,"z":0.2495783269405365},"rotation":{"x":0.39501190185546877,"y":-0.14915788173675538,"z":0.06517090648412705,"w":0.9041471481323242},"size":0.11870691925287247,"orthographic":true}