{"cameraMode":{"drawMode":0,"name":"Shaded","section":"Shading Mode"},"sceneLighting":true,"audioPlay":false,"sceneViewState":{"m_AlwaysRefresh":false,"showFog":true,"showSkybox":true,"showFlares":true,"showImageEffects":true,"showParticleSystems":true,"showVisualEffectGraphs":true,"m_FxEnabled":true},"in2DMode":false,"pivot":{"x":0.5621902942657471,"y":0.9389927387237549,"z":0.2515403926372528},"rotation":{"x":0.016489161178469659,"y":-0.03434037044644356,"z":0.0005626447964459658,"w":0.9992826581001282},"size":0.38285931944847109,"orthographic":true}