{"cameraMode":{"drawMode":0,"name":"Shaded","section":"Shading Mode"},"sceneLighting":true,"audioPlay":false,"sceneViewState":{"m_AlwaysRefresh":false,"showFog":true,"showSkybox":true,"showFlares":true,"showImageEffects":true,"showParticleSystems":true,"showVisualEffectGraphs":true,"m_FxEnabled":true},"in2DMode":false,"pivot":{"x":0.8222196102142334,"y":0.9389908313751221,"z":0.2533605396747589},"rotation":{"x":0.008999232202768326,"y":-0.005851029418408871,"z":0.00004870216434937902,"w":0.9999505877494812},"size":0.12443486601114273,"orthographic":true}