{"cameraMode":{"drawMode":0,"name":"Shaded","section":"Shading Mode"},"sceneLighting":true,"audioPlay":false,"sceneViewState":{"m_AlwaysRefresh":false,"showFog":true,"showSkybox":true,"showFlares":true,"showImageEffects":true,"showParticleSystems":true,"showVisualEffectGraphs":true,"m_FxEnabled":true},"in2DMode":false,"pivot":{"x":0.20396682620048524,"y":0.9226033687591553,"z":0.15149565041065217},"rotation":{"x":0.032662373036146167,"y":-0.14105115830898286,"z":0.0046624778769910339,"w":0.9894505739212036},"size":0.017822394147515298,"orthographic":true}