{"cameraMode":{"drawMode":0,"name":"Shaded","section":"Shading Mode"},"sceneLighting":true,"audioPlay":false,"sceneViewState":{"m_AlwaysRefresh":false,"showFog":true,"showSkybox":true,"showFlares":true,"showImageEffects":true,"showParticleSystems":true,"showVisualEffectGraphs":true,"m_FxEnabled":true},"in2DMode":false,"pivot":{"x":-0.044975683093070987,"y":1.0134987831115723,"z":0.32944002747535708},"rotation":{"x":-0.0003771247575059533,"y":0.9992424845695496,"z":-0.01005224883556366,"w":-0.03718860447406769},"size":0.4045675992965698,"orthographic":false}