{"cameraMode":{"drawMode":0,"name":"Shaded","section":"Shading Mode"},"sceneLighting":true,"audioPlay":false,"sceneViewState":{"m_AlwaysRefresh":false,"showFog":true,"showSkybox":true,"showFlares":true,"showImageEffects":true,"showParticleSystems":true,"showVisualEffectGraphs":true,"m_FxEnabled":true},"in2DMode":false,"pivot":{"x":-0.23600000143051148,"y":0.8610000014305115,"z":0.16200000047683717},"rotation":{"x":-0.07871872931718826,"y":0.08050630986690521,"z":-0.006375476252287626,"w":-0.9936087727546692},"size":0.29348039627075198,"orthographic":false}