{"cameraMode":{"drawMode":0,"name":"Shaded","section":"Shading Mode"},"sceneLighting":true,"audioPlay":false,"sceneViewState":{"m_AlwaysRefresh":false,"showFog":true,"showSkybox":true,"showFlares":true,"showImageEffects":true,"showParticleSystems":true,"showVisualEffectGraphs":true,"m_FxEnabled":true},"in2DMode":false,"pivot":{"x":0.45386940240859988,"y":0.863952100276947,"z":0.5018274784088135},"rotation":{"x":0.13159586489200593,"y":0.018586574122309686,"z":-0.002463523531332612,"w":0.9911353588104248},"size":0.0023439491633325817,"orthographic":false}